UserID,Username,ProductName,PurchaseDate,UserLocation,ProductCategory,FeedbackScore,AI_Recommender_Flag
0c6852e5-ab8d-46da-ab6f-c2b4a999ba3a,tranheather,Total well-modulated task-force,2024-08-23,Rushside,Fashion,4.5755259301074,Not Recommended
86c68a8d-d6ef-4c06-b8fa-68da602a4e6e,drichards,Robust heuristic website,2024-08-04,North Jennifer,Sports,2.40409665274176,Recommended
a702876c-22ff-4442-8d51-1ee4ff450876,padillaaustin,Customizable high-level collaboration,2024-04-15,Port Kiarastad,Health,2.206911041285422,Not Recommended
9f348e58-afeb-4045-9fda-6c7fec12366e,vhansen,Self-enabling logistical orchestration,2024-07-10,Jasonshire,Home & Garden,1.1877313943769163,Not Recommended
8039a96b-958a-4518-a06c-02774afc078f,samantha60,Configurable attitude-oriented challenge,2024-02-13,North Patriciaport,Sports,3.650514300561471,Not Recommended
4e1072e6-2b72-4d89-9078-48fcf467d4ae,walkeralbert,Balanced web-enabled intranet,2024-07-26,North Keith,Sports,4.77369683419119,Not Recommended
9e6eadb4-6a1d-4c35-896e-1201d103d0d1,charles70,Re-contextualized upward-trending encryption,2024-04-08,Stevenhaven,Fashion,1.1164639288304867,Recommended
2014a1cd-a8b7-4ed0-a814-eebf9d87532f,charlesreynolds,Focused attitude-oriented Local Area Network,2024-04-08,New Aimee,Sports,1.927377040305788,Recommended
e1f85555-f676-42ff-9951-d6dfe07d76ea,sean67,Down-sized maximized intranet,2024-07-16,West Mikebury,Electronics,4.8686209381203644,Not Recommended
5caa73fc-bca9-478b-8b3e-4b08a0f5246a,schneidermichele,User-friendly composite methodology,2024-01-05,Alvaradochester,Fashion,2.2632471314151696,Not Recommended
d69f8a43-19ab-4f9b-8987-a81ae3ffaee4,herrerarichard,Assimilated global implementation,2024-02-06,South Jodi,Electronics,2.7439166346824395,Recommended
527ef5d3-7600-4c39-a970-b6ff65608773,warewilliam,Operative transitional capability,2024-02-23,New Kathleen,Health,2.501716191357583,Recommended
3f1e5aca-727a-4ffb-be4a-91cfe3b60eca,maryclay,Persistent intangible customer loyalty,2024-04-13,Amandaberg,Electronics,2.9601150827831426,Recommended
fd8c5c29-0c6a-4431-b074-055f593f4142,kmartin,Secured non-volatile success,2024-01-13,Port Jennifer,Electronics,4.050633329107372,Not Recommended
0c562b7c-6b27-43d3-b588-da0a27333b86,lopezmichael,Centralized dynamic product,2024-08-07,Lake Stephen,Sports,1.5141851390276635,Not Recommended
2141ae54-8707-46d1-b0da-0531185067e9,danielharrell,Enhanced non-volatile application,2024-07-15,New Robert,Fashion,4.401540731848961,Recommended
285a669d-7bfe-42d0-989d-5f9c9aa0900d,ijames,Enhanced incremental Graphic Interface,2024-05-24,South Christopher,Sports,1.5774617703240406,Recommended
0c931acb-02b8-4bac-9536-b43b77d60ce4,sharon70,Right-sized value-added standardization,2024-06-03,Glasschester,Fashion,3.833030833326124,Not Recommended
70b753bc-4ba7-4ad0-8a97-219b7e5c07c9,timothyhanson,Multi-channeled leadingedge complexity,2024-03-19,Port David,Automotive,4.637362587301908,Recommended
7cf1cc86-5dd7-4e9c-aca8-54d25c3069c7,jgraham,Switchable 4thgeneration system engine,2024-02-22,Cortezmouth,Fashion,2.730556662751721,Not Recommended
c378bf07-7c32-44f5-b922-412c9ee079b1,marieflynn,Enhanced fault-tolerant open architecture,2024-03-31,Tuckerfurt,Health,1.9681284557782464,Recommended
ce628448-4a46-4f39-af3f-33a1212db9ff,arroyosean,Optional cohesive interface,2024-01-04,Wilsonport,Health,1.2304010754702404,Recommended
48f58696-603b-4e97-81a9-292c978d85d7,whitewanda,Assimilated systemic algorithm,2024-02-08,Ericksonbury,Health,2.6592266241659988,Not Recommended
45700665-a9e9-4bc5-8840-5ee66876177d,jenniferhernandez,Mandatory full-range support,2024-03-11,East Cheryl,Fashion,2.6475186233103813,Not Recommended
be521ae8-0548-428a-b7b1-8229d9f242bf,thomasbrown,Assimilated directional archive,2024-03-28,North Denniston,Automotive,2.3508799685041653,Not Recommended
2da5076c-b98b-482e-a811-9aa92684e94e,maria71,Switchable client-server extranet,2024-02-09,Kathytown,Sports,2.094141872428461,Not Recommended
15521943-4b4e-4a43-886c-0caaca4d36ba,swalker,Multi-tiered modular orchestration,2024-02-25,East Rodney,Home & Garden,4.2215041443847525,Not Recommended
d0b6ce80-38dd-45d1-8456-e9cfaa017bc4,bergheather,Virtual fault-tolerant emulation,2024-04-30,Kylechester,Home & Garden,2.5537699778686553,Not Recommended
6084ec9c-c710-40dc-97d5-3d1a6a4425c3,christopher31,Enterprise-wide multimedia access,2024-08-18,New Daniel,Health,4.115082151210949,Recommended
0f2d2077-865b-4d3b-a81e-d3f6967e7dc3,whorne,Public-key client-driven matrix,2024-07-20,New Richardport,Automotive,4.3204414502500015,Recommended
866b46dc-83d9-4313-b2a8-8ee16d75392b,thomas43,Object-based bi-directional task-force,2024-02-09,Kelseyburgh,Health,1.5138698262471704,Recommended
20ffb916-dcad-44ce-a1ee-d9dc6dacc694,vkhan,Managed grid-enabled function,2024-05-16,South Isaacville,Sports,2.0862753041287623,Recommended
2adad7e6-7ef1-4633-898f-3cdfc8a22ec6,kimberlybutler,Fundamental zero administration workforce,2024-01-27,North Diana,Automotive,1.1431728865841988,Not Recommended
f1fb8f9c-0eb7-4889-82d1-b952a1df04c3,glandry,Enterprise-wide transitional knowledge user,2024-05-30,Port Wyatt,Home & Garden,2.8834193457835924,Recommended
da7de5cc-e85f-40dc-aae0-0fba8575619d,gomezjose,Cross-platform client-driven concept,2024-01-19,Sanchezborough,Automotive,3.4307051589993147,Not Recommended
b226bfab-2e20-457e-b453-64fc35b1d56e,joseph58,Switchable fresh-thinking pricing structure,2024-02-11,Jeffreychester,Sports,3.7525346757918667,Recommended
db688421-498f-4a47-8194-9c283dec5b31,fernando19,Distributed actuating superstructure,2024-04-12,Port Shaun,Sports,4.311820780404384,Recommended
28d98210-85d3-464b-b4b3-fa0d93a8478b,katieenglish,Implemented secondary instruction set,2024-05-12,Paulville,Electronics,4.582803158258773,Recommended
67a5556f-fab5-46c3-b048-f37efde6291c,ylamb,Cross-group transitional parallelism,2024-01-13,Jesusland,Health,1.6679598028560414,Not Recommended
26149be9-ced3-4b41-b628-95d362e87912,suttonjenny,Diverse system-worthy capacity,2024-05-06,Amandaborough,Electronics,1.6988701667788253,Recommended
7a0b4e24-7cd3-4f72-b7b4-65404c211ffe,hugheskevin,Profit-focused full-range Internet solution,2024-08-19,Paulton,Electronics,2.8555405086009578,Recommended
6a58ee3f-6314-4f86-a8b4-214070357c04,pflores,Focused human-resource secured line,2024-04-30,West Pamela,Fashion,2.3918375061801336,Recommended
b0eaaa86-ed5b-435a-8c17-7a8acd3cb1fa,lindseypadilla,Diverse zero tolerance pricing structure,2024-07-03,North Sarachester,Health,1.858167011138633,Recommended
d2d9300d-6d20-41c8-bde7-0e7083b06fbc,morganmicheal,Organized upward-trending moderator,2024-05-25,South Josephport,Fashion,3.260115638979801,Not Recommended
c458f1e2-1299-4d87-88d3-6933a5a9d80f,terryanthony,Devolved 6thgeneration extranet,2024-08-07,Lisahaven,Sports,3.100181355011044,Not Recommended
97241b6d-7763-4a53-bca4-2e1030939fb7,jacqueline06,User-friendly executive Graphic Interface,2024-03-16,Perryfurt,Home & Garden,3.1399062357399234,Not Recommended
609572d0-1f39-495e-8ce0-543fe4a198da,cooktami,Fundamental system-worthy budgetary management,2024-04-01,Lauratown,Sports,4.687819819626566,Not Recommended
ca7c9470-4c6d-4992-a3fe-dfc2f2828021,gabriellacampbell,Managed non-volatile superstructure,2024-01-13,East Johnmouth,Sports,2.374517814002322,Not Recommended
d2325e1d-5816-4632-a8b6-5c532c0f87ab,phillipsaaron,Automated regional analyzer,2024-05-06,South Mary,Health,3.356309001897618,Recommended
6cd60bad-ed98-4554-b1d5-d3ec587d6172,kristine11,Enterprise-wide cohesive middleware,2024-07-26,Andersonland,Health,4.647029912297443,Recommended
211e9182-d5b5-4972-bab7-aad218fdce10,james19,Triple-buffered directional model,2024-03-30,Andersontown,Sports,2.929792793658761,Recommended
189cd131-8b53-4af7-a098-dae526338ade,mooreandrea,Ameliorated demand-driven benchmark,2024-03-24,Henryton,Health,3.6595383070029666,Recommended
507bc0cd-8959-4923-baaf-24bc65435478,nbush,Enterprise-wide upward-trending forecast,2024-01-06,Jeremyside,Automotive,3.2002289103957295,Not Recommended
5d42b371-86d7-47eb-8d50-10f84edaf9fb,kleinanthony,Implemented systemic migration,2024-06-21,Michellefort,Health,4.007093481184494,Recommended
0bf54203-642b-4e81-b077-129f208c6715,burgesstaylor,Centralized multi-tasking extranet,2024-06-16,Yatestown,Home & Garden,3.1224178560166345,Recommended
0e15cfe1-9fc4-4bb1-836c-646d420b72a2,lisawilson,Re-engineered client-driven paradigm,2024-02-11,East Elizabeth,Health,2.2481778035780264,Not Recommended
427dabad-a71d-46b3-8338-de3d6cdbf9e3,dkelly,Function-based methodical strategy,2024-03-02,Rachelview,Automotive,2.779664720798317,Recommended
2bdd7e65-82e0-4dce-b31a-b7acdc83a2ab,vluna,Focused content-based software,2024-04-10,South Kelsey,Sports,2.885497742360246,Not Recommended
f6b83214-5756-403c-b3f5-0a2eafb8f786,camachosteven,Horizontal real-time approach,2024-03-13,Zacharyfort,Health,3.0993812347093446,Recommended
d599cbd1-fae9-4936-9f39-5fd73288411b,scottsantos,Implemented hybrid focus group,2024-05-03,New Pamela,Fashion,1.3280374013802208,Recommended
4b615c81-d28b-4867-8c8e-9dcbd744f7a3,douglas93,Total fresh-thinking challenge,2024-07-28,South Michaelport,Fashion,3.8315483455191988,Not Recommended
63b65f68-1e18-410f-964c-6347721307ad,brandy72,Monitored interactive process improvement,2024-05-16,Wilsonfurt,Home & Garden,4.219533649449019,Not Recommended
2e0819f3-6928-48f2-8360-8e1b0aff6dc0,austinjonathan,Reverse-engineered zero administration superstructure,2024-06-20,Port Karenfurt,Electronics,3.8947183131653267,Recommended
e33cadf4-0daf-4519-91ee-07acb5d24d10,stevengutierrez,Grass-roots bandwidth-monitored secured line,2024-05-23,Ramirezbury,Fashion,4.836447364274658,Recommended
62906b57-eec7-4d2c-a205-8a49b93372e4,nicolefuller,Quality-focused dedicated leverage,2024-05-20,Port Jamie,Sports,3.2954592407000183,Recommended
038b3948-fb7c-458c-afbf-db541439f9f4,oadams,Virtual tertiary architecture,2024-04-01,Port Douglas,Electronics,1.2121843711092501,Recommended
b4da89e5-0391-4451-910a-85ced93e4f5f,erika74,Ameliorated intermediate hardware,2024-07-18,Samanthaview,Home & Garden,1.5338262695559641,Recommended
e36d46e9-b7a9-4731-8613-fa3fe246f223,gonzalezmarcus,Extended high-level capability,2024-05-24,Valenzuelafort,Sports,4.129952224333898,Recommended
a9e37f23-fee6-4ed4-b81b-47ed0f460144,ebarnett,Automated bottom-line info-mediaries,2024-03-13,Popeborough,Home & Garden,1.3729410504395267,Not Recommended
05f97425-bab2-4c7d-b64a-1e490509c58f,robinsonjohn,Expanded uniform Graphic Interface,2024-01-31,Port Angel,Sports,3.6536757985641475,Not Recommended
6d701de2-b9cf-4f10-a9de-baa434915b22,heather20,Team-oriented 4thgeneration open system,2024-01-17,Douglasshire,Health,1.752444050467619,Not Recommended
f1cf6fc8-4db6-4ba0-b813-201d2a6f9255,walleranne,Stand-alone secondary portal,2024-02-19,Port Robertchester,Electronics,2.8900723381136024,Recommended
1c4c3932-06ee-454d-8439-2501f4e36e55,idavidson,Synchronized secondary access,2024-04-28,Johnsonburgh,Sports,4.869554379647131,Not Recommended
659f07bc-fda5-4128-b222-c27f19e13291,marywalker,Reverse-engineered fault-tolerant paradigm,2024-02-09,Perkinsfort,Electronics,2.9609414944324945,Recommended
8ed114f0-e614-4c05-8e53-661de3f1d1f4,angela47,Object-based multi-state matrix,2024-04-27,Nicoleberg,Automotive,3.3879243060464814,Not Recommended
c894ee27-0c80-493f-b6d1-1dc9dc29ceb3,david71,Seamless motivating middleware,2024-08-18,South Kristie,Sports,4.4316480743269,Recommended
f3ceb39e-60c7-4b88-836f-339aa89d2fa6,jennifer16,Distributed neutral neural-net,2024-08-19,Dillonborough,Sports,2.238870629519693,Not Recommended
700e5ff2-f0e7-4650-84ef-b9ce958943c5,saundersstephanie,Customizable coherent initiative,2024-02-20,West Nicole,Health,4.39728475226632,Not Recommended
0de1a0f3-d3ce-48b6-a3b4-2a3694faabf7,hendersonantonio,Right-sized secondary challenge,2024-01-12,Mathisborough,Fashion,1.414733870140077,Not Recommended
073cb2b9-57fc-47a5-847b-4b47c047b5dc,qelliott,Optimized scalable definition,2024-07-01,Allenland,Electronics,3.7638701702807267,Not Recommended
40275e77-46cc-4fc1-9e05-4bd0ce54b975,kentwalton,Open-architected composite knowledge user,2024-02-13,Fernandezmouth,Automotive,1.5009591994895843,Recommended
567b3abe-fcf1-45cc-9920-9d0cf98c4801,ann99,Organic fault-tolerant archive,2024-01-21,Port Rebeccaton,Sports,1.5543586485531096,Recommended
49a54b38-6a73-4888-9dec-7c867b8de587,clarence09,Innovative content-based process improvement,2024-04-04,Brandtside,Health,1.5285189411361504,Not Recommended
363475ad-ff69-46f9-acd8-d0fa415b5d8b,imonroe,Upgradable asymmetric throughput,2024-03-15,Fordview,Health,4.635043297532208,Not Recommended
ba8aea6d-5f1c-46d7-8deb-7675e83e7fde,acevedomelissa,Cloned contextually-based algorithm,2024-02-16,Brianstad,Electronics,4.027756815618188,Recommended
fee002e9-4c0e-4110-a899-82b88b9d7541,jennifer20,Total non-volatile customer loyalty,2024-05-26,West Rebekah,Automotive,1.0983193338057875,Not Recommended
5521ed49-c1a8-43d6-9fc9-66f5254a82f4,patelnancy,Expanded local policy,2024-08-08,New Kristieton,Electronics,3.7293357596946626,Not Recommended
9fefc0c2-9496-4c90-a1b1-f232b486c013,debra20,Advanced needs-based capability,2024-01-13,Lake Frank,Automotive,1.7058937536843284,Not Recommended
199b80ff-14ce-4ab5-8057-2d90a8dff272,joseph79,User-centric asymmetric hub,2024-08-01,South Kelly,Home & Garden,4.31937861097055,Recommended
20d0ae0c-f6e4-4d72-b640-558895eeca6d,samanthabrown,Multi-layered stable model,2024-03-11,Jasonmouth,Fashion,1.0396015025763603,Not Recommended
4d97836e-9702-40e4-9fb3-bfcab6247c8e,harpermichael,Self-enabling grid-enabled matrices,2024-07-31,New Kyle,Electronics,4.6242895504658,Recommended
7b9b68c9-b7e4-443d-87fa-153839fa833f,burnsmargaret,User-centric analyzing flexibility,2024-05-26,Mckenzieborough,Health,1.3849873733444769,Not Recommended
965ab493-c878-43e0-baf1-47c39f3ea252,savannah02,Progressive motivating service-desk,2024-05-26,Anthonymouth,Automotive,3.7959312577961617,Recommended
a7fc34da-1e1a-4d84-a9d9-34809ba9fc99,felicia42,Adaptive context-sensitive circuit,2024-01-14,North Alicia,Electronics,3.3460840662517604,Recommended
81e880a4-08a3-47de-9476-bd2b9b578064,brandonchambers,Multi-layered composite migration,2024-07-04,Smithside,Home & Garden,1.9108950041897765,Not Recommended
0105b971-f27e-4f95-ab9a-911be63eb23d,benjamin70,Synchronized dynamic extranet,2024-01-31,Reedville,Automotive,1.30867568504982,Recommended
ac565752-14a3-4375-b732-9b91ab7539ed,cwatkins,Re-contextualized exuding core,2024-07-04,West Danielleside,Health,4.390808827681328,Recommended
53c63fbf-8b12-4745-83e2-e693e7c6963c,hillgloria,Organic foreground instruction set,2024-05-01,Crossshire,Electronics,1.4358471200180087,Recommended
f971bc7b-f57e-4169-b777-6bcbcae368fe,jamieellis,Innovative holistic Graphical User Interface,2024-07-12,Port Ryanmouth,Fashion,1.9011543175656755,Recommended
e5ca9285-60d9-4873-974b-bf798da9026c,jordan19,User-friendly systematic installation,2024-02-22,East Michaelborough,Electronics,4.1267179375228835,Recommended
